ID,Year,Month,Season_Year,Season,Season_String,Mean_Discharge,Precipitation,Air_Temperature,Water_Temperature
70_Dec,1970,December,WS70,Winter,WinterSpring,42.3052992,7.7724,7.722222222,
70_Jan,1970,January,WS70,Winter,WinterSpring,63.7977504,6.6294,5.111111111,
70_Feb,1970,February,WS70,Winter,WinterSpring,79.7401088,6.4262,9.666666667,
70_Mar,1970,March,WS70,Spring,WinterSpring,106.6693856,19.8374,14.5,
70_Apr,1970,April,WS70,Spring,WinterSpring,208.4399648,,19.66666667,
70_May,1970,May,WS70,Spring,WinterSpring,42.9282688,18.6182,22.38888889,
70_Jun,1970,June,SF70,Summer,SummerFall,51.961328,6.1468,25.33333333,
70_Jul,1970,July,SF70,Summer,SummerFall,18.69758304,19.5072,27.22222222,
70_Aug,1970,August,SF70,Summer,SummerFall,40.6629248,26.1112,26.83333333,
70_Sep,1970,September,SF70,Fall,SummerFall,36.10392,2.3368,25.05555556,
70_Oct,1970,October,SF70,Fall,SummerFall,10.76604736,8.7884,19.72222222,
70_Nov,1970,November,SF70,Fall,SummerFall,21.79544096,3.683,11.83333333,
71_Dec,1971,December,WS71,Winter,WinterSpring,24.0126464,11.684,11.61111111,
71_Jan,1971,January,WS71,Winter,WinterSpring,89.8208896,8.001,10.05555556,
71_Feb,1971,February,WS71,Winter,WinterSpring,118.1093728,10.033,10.05555556,
71_Mar,1971,March,WS71,Spring,WinterSpring,249.046256,19.05,12.11111111,
71_Apr,1971,April,WS71,Spring,WinterSpring,139.2903392,9.3472,18.11111111,
71_May,1971,May,WS71,Spring,WinterSpring,110.43552,13.97,21.33333333,
71_Jun,1971,June,SF71,Summer,SummerFall,49.8092512,7.7978,26.22222222,
71_Jul,1971,July,SF71,Summer,SummerFall,47.9686592,26.2128,26.5,
71_Aug,1971,August,SF71,Summer,SummerFall,92.4260352,17.3482,26.05555556,
71_Sep,1971,September,SF71,Fall,SummerFall,56.5769664,9.525,24.88888889,
71_Oct,1971,October,SF71,Fall,SummerFall,49.0163808,14.0208,21.22222222,
71_Nov,1971,November,SF71,Fall,SummerFall,49.7809344,6.604,13.38888889,
72_Dec,1972,December,WS72,Winter,WinterSpring,141.9238016,10.287,14.72222222,
72_Jan,1972,January,WS72,Winter,WinterSpring,173.723568,19.9644,12.27777778,
72_Feb,1972,February,WS72,Winter,WinterSpring,213.8767904,11.3792,9.222222222,
72_Mar,1972,March,WS72,Spring,WinterSpring,100.8361248,6.5278,14.55555556,
72_Apr,1972,April,WS72,Spring,WinterSpring,77.2765472,2.667,18.66666667,
72_May,1972,May,WS72,Spring,WinterSpring,35.7074848,,,
72_Jun,1972,June,SF72,Summer,SummerFall,45.3918304,11.1252,24.11111111,
72_Jul,1972,July,SF72,Summer,SummerFall,37.9161952,1.27,26.66666667,
72_Aug,1972,August,SF72,Summer,SummerFall,16.37277376,4.6736,27.16666667,
72_Sep,1972,September,SF72,Fall,SummerFall,10.97559168,0.8128,25.72222222,
72_Oct,1972,October,SF72,Fall,SummerFall,7.69933792,4.2672,,
72_Nov,1972,November,SF72,Fall,SummerFall,12.86149056,8.4836,,
73_Dec,1973,December,WS73,Winter,WinterSpring,36.7835232,,,
73_Jan,1973,January,WS73,Winter,WinterSpring,113.5786848,17.4498,8.944444444,
73_Feb,1973,February,WS73,Winter,WinterSpring,298.459072,14.859,,
73_Mar,1973,March,WS73,Spring,WinterSpring,187.1174144,15.621,,
73_Apr,1973,April,WS73,Spring,WinterSpring,232.90568,12.7508,16.61111111,
73_May,1973,May,WS73,Spring,WinterSpring,77.0500128,6.6802,21.33333333,
73_Jun,1973,June,SF73,Summer,SummerFall,117.2598688,22.0218,27.33333333,
73_Jul,1973,July,SF73,Summer,SummerFall,77.3898144,6.7056,,
73_Aug,1973,August,SF73,Summer,SummerFall,52.5559808,21.1328,26.33333333,
73_Sep,1973,September,SF73,Fall,SummerFall,23.77478528,5.6642,25.72222222,
73_Oct,1973,October,SF73,Fall,SummerFall,17.59605952,2.9464,19.66666667,
73_Nov,1973,November,SF73,Fall,SummerFall,14.14140992,5.6134,15.77777778,
74_Dec,1974,December,WS74,Winter,WinterSpring,24.55349728,,10.16666667,
74_Jan,1974,January,WS74,Winter,WinterSpring,46.0714336,,15.27777778,
74_Feb,1974,February,WS74,Winter,WinterSpring,176.130496,17.6276,11.22222222,
74_Mar,1974,March,WS74,Spring,WinterSpring,102.4218656,7.5438,17.27777778,
74_Apr,1974,April,WS74,Spring,WinterSpring,105.5933472,6.858,18.5,
74_May,1974,May,WS74,Spring,WinterSpring,31.0635296,5.4102,23.77777778,
74_Jun,1974,June,SF74,Summer,SummerFall,23.22260768,9.7282,24.38888889,
74_Jul,1974,July,SF74,Summer,SummerFall,16.84283264,13.3604,26.44444444,
74_Aug,1974,August,SF74,Summer,SummerFall,61.5324064,14.0208,26.05555556,25
74_Sep,1974,September,SF74,Fall,SummerFall,26.32612896,5.6388,23.22222222,23
74_Oct,1974,October,SF74,Fall,SummerFall,14.82101312,0.6604,16.94444444,18
74_Nov,1974,November,SF74,Fall,SummerFall,14.12725152,5.6134,12.55555556,
75_Dec,1975,December,WS75,Winter,WinterSpring,27.13598944,12.6746,9.333333333,7
75_Jan,1975,January,WS75,Winter,WinterSpring,98.6274144,14.0716,11.11111111,9.5
75_Feb,1975,February,WS75,Winter,WinterSpring,192.6675072,19.685,12.16666667,13
75_Mar,1975,March,WS75,Spring,WinterSpring,253.5486272,13.3604,14,
75_Apr,1975,April,WS75,Spring,WinterSpring,241.825472,14.4526,18.05555556,14
75_May,1975,May,WS75,Spring,WinterSpring,131.106784,14.9606,24,19.5
75_Jun,1975,June,SF75,Summer,SummerFall,67.5072512,11.811,25.38888889,
75_Jul,1975,July,SF75,Summer,SummerFall,79.1737728,13.9192,25.66666667,23.5
75_Aug,1975,August,SF75,Summer,SummerFall,53.943504,5.5626,26.88888889,26
75_Sep,1975,September,SF75,Fall,SummerFall,29.5344224,10.7442,23.66666667,
75_Oct,1975,October,SF75,Fall,SummerFall,32.1962016,4.5466,19.88888889,19
75_Nov,1975,November,SF75,Fall,SummerFall,28.12141408,2.7432,14.33333333,
76_Dec,1976,December,WS76,Winter,WinterSpring,35.7074848,12.3698,8.777777778,10
76_Jan,1976,January,WS76,Winter,WinterSpring,83.53456,9.3726,6.944444444,6
76_Feb,1976,February,WS76,Winter,WinterSpring,95.2010816,2.7686,13.44444444,6
76_Mar,1976,March,WS76,Spring,WinterSpring,80.6745632,10.9728,16.61111111,16
76_Apr,1976,April,WS76,Spring,WinterSpring,50.5171712,4.064,18.44444444,16
76_May,1976,May,WS76,Spring,WinterSpring,44.4007424,10.3124,20.27777778,17.5
76_Jun,1976,June,SF76,Summer,SummerFall,103.639488,14.8844,24.33333333,18.5
76_Jul,1976,July,SF76,Summer,SummerFall,75.322688,12.2428,26.5,22
76_Aug,1976,August,SF76,Summer,SummerFall,17.54508928,5.9436,25.38888889,26
76_Sep,1976,September,SF76,Fall,SummerFall,20.81851136,20.5486,22.72222222,22
76_Oct,1976,October,SF76,Fall,SummerFall,60.5696352,14.9352,15.55555556,20.5
76_Nov,1976,November,SF76,Fall,SummerFall,58.4458752,10.9982,9.611111111,10
77_Dec,1977,December,WS77,Winter,WinterSpring,183.6627648,13.462,7.055555556,7
77_Jan,1977,January,WS77,Winter,WinterSpring,169.5043648,8.6868,2.444444444,6
77_Feb,1977,February,WS77,Winter,WinterSpring,83.4212928,4.7244,8.333333333,2.5
77_Mar,1977,March,WS77,Spring,WinterSpring,207.4771936,21.4376,15.72222222,12
77_Apr,1977,April,WS77,Spring,WinterSpring,123.2630304,4.3434,19.27777778,20.5
77_May,1977,May,WS77,Spring,WinterSpring,27.32004864,1.9812,22.61111111,22
77_Jun,1977,June,SF77,Summer,SummerFall,16.33029856,2.5908,27.11111111,27
77_Jul,1977,July,SF77,Summer,SummerFall,9.97884032,6.4516,28.05555556,30
77_Aug,1977,August,SF77,Summer,SummerFall,22.88280608,14.859,26.16666667,26.5
77_Sep,1977,September,SF77,Fall,SummerFall,23.04421184,6.4262,24.44444444,25
77_Oct,1977,October,SF77,Fall,SummerFall,15.21178496,3.7084,16.38888889,21.5
77_Nov,1977,November,SF77,Fall,SummerFall,24.4515568,7.747,13.94444444,15.5
78_Dec,1978,December,WS78,Winter,WinterSpring,46.5528192,10.1346,8.444444444,12
78_Jan,1978,January,WS78,Winter,WinterSpring,120.6578848,20.5994,4.166666667,8
78_Feb,1978,February,WS78,Winter,WinterSpring,228.65816,4.7498,5.833333333,3
78_Mar,1978,March,WS78,Spring,WinterSpring,107.3489888,6.0706,13,7.5
78_Apr,1978,April,WS78,Spring,WinterSpring,60.456368,6.1214,19.11111111,19.5
78_May,1978,May,WS78,Spring,WinterSpring,67.9036864,11.3284,21.33333333,16
78_Jun,1978,June,SF78,Summer,SummerFall,23.80310208,5.7912,26.22222222,25
78_Jul,1978,July,SF78,Summer,SummerFall,15.59972512,3.8608,26.88888889,29
78_Aug,1978,August,SF78,Summer,SummerFall,14.32263744,15.1638,26.83333333,27
78_Sep,1978,September,SF78,Fall,SummerFall,8.05896128,2.0066,25,27
78_Oct,1978,October,SF78,Fall,SummerFall,7.12733856,1.3208,17.88888889,20
78_Nov,1978,November,SF78,Fall,SummerFall,8.80935648,8.1026,15.33333333,15
79_Dec,1979,December,WS79,Winter,WinterSpring,18.77687008,5.1562,10,8.5
79_Jan,1979,January,WS79,Winter,WinterSpring,39.5585696,8.8646,5.5,3
79_Feb,1979,February,WS79,Winter,WinterSpring,83.3080256,21.5392,7.222222222,3
79_Mar,1979,March,WS79,Spring,WinterSpring,220.304704,7.747,13.83333333,13
79_Apr,1979,April,WS79,Spring,WinterSpring,90.8119776,11.1506,18.11111111,19
79_May,1979,May,WS79,Spring,WinterSpring,81.127632,9.8806,21.72222222,21
79_Jun,1979,June,SF79,Summer,SummerFall,46.3262848,9.525,23.94444444,22
79_Jul,1979,July,SF79,Summer,SummerFall,27.27191008,21.717,25.55555556,26
79_Aug,1979,August,SF79,Summer,SummerFall,27.6230384,12.7762,25.83333333,28
79_Sep,1979,September,SF79,Fall,SummerFall,42.4185664,14.3256,22.83333333,25
79_Oct,1979,October,SF79,Fall,SummerFall,49.695984,0.9144,17.66666667,21.5
79_Nov,1979,November,SF79,Fall,SummerFall,34.8579808,5.7404,13.61111111,16
80_Dec,1980,December,WS80,Winter,WinterSpring,43.2680704,5.207,8.166666667,8
80_Jan,1980,January,WS80,Winter,WinterSpring,49.2429152,10.5918,8.666666667,9.5
80_Feb,1980,February,WS80,Winter,WinterSpring,96.6169216,5.8928,7,8
80_Mar,1980,March,WS80,Spring,WinterSpring,306.670944,32.004,12.83333333,7
80_Apr,1980,April,WS80,Spring,WinterSpring,252.3310048,5.461,17.66666667,17.5
80_May,1980,May,WS80,Spring,WinterSpring,52.2161792,5.3086,22,24
80_Jun,1980,June,SF80,Summer,SummerFall,28.15822592,10.3886,25.44444444,25
80_Jul,1980,July,SF80,Summer,SummerFall,14.55200352,7.239,28.5,28.5
80_Aug,1980,August,SF80,Summer,SummerFall,8.14957504,1.6002,28.05555556,28
80_Sep,1980,September,SF80,Fall,SummerFall,5.53027104,12.2682,26.94444444,27.5
80_Oct,1980,October,SF80,Fall,SummerFall,13.44481664,4.6228,17.11111111,18.5
80_Nov,1980,November,SF80,Fall,SummerFall,15.81776448,3.0988,12,12.5
81_Dec,1981,December,WS81,Winter,WinterSpring,20.6995808,2.286,9.333333333,9
81_Jan,1981,January,WS81,Winter,WinterSpring,19.7651264,2.2606,6.055555556,5
81_Feb,1981,February,WS81,Winter,WinterSpring,47.5155904,12.3952,11.05555556,12
81_Mar,1981,March,WS81,Spring,WinterSpring,63.3163648,7.6962,12.55555556,13
81_Apr,1981,April,WS81,Spring,WinterSpring,63.00488,9.779,19.88888889,19
81_May,1981,May,WS81,Spring,WinterSpring,14.653944,1.9812,21.27777778,24
81_Jun,1981,June,SF81,Summer,SummerFall,16.64461504,9.4488,27.83333333,28
81_Jul,1981,July,SF81,Summer,SummerFall,7.88906048,8.4582,28.16666667,29
81_Aug,1981,August,SF81,Summer,SummerFall,11.3833536,6.1976,25.33333333,23
81_Sep,1981,September,SF81,Fall,SummerFall,7.18114048,1.5748,23.22222222,20
81_Oct,1981,October,SF81,Fall,SummerFall,5.39151872,,,14
81_Nov,1981,November,SF81,Fall,SummerFall,9.56258336,1.3462,13.5,7
82_Dec,1982,December,WS82,Winter,WinterSpring,15.645032,25.0952,7.333333333,5.5
82_Jan,1982,January,WS82,Winter,WinterSpring,118.5341248,11.8364,6.444444444,6.5
82_Feb,1982,February,WS82,Winter,WinterSpring,122.1586752,6.7056,12.44444444,13.5
82_Mar,1982,March,WS82,Spring,WinterSpring,80.278128,5.5118,15.72222222,18.5
82_Apr,1982,April,WS82,Spring,WinterSpring,62.29696,14.0716,16.55555556,18
82_May,1982,May,WS82,Spring,WinterSpring,52.102912,8.6868,22.83333333,22.5
82_Jun,1982,June,SF82,Summer,SummerFall,53.7452864,11.2268,25.66666667,25
82_Jul,1982,July,SF82,Summer,SummerFall,41.7389632,11.811,26.72222222,26
82_Aug,1982,August,SF82,Summer,SummerFall,27.892048,6.9596,26.11111111,26
82_Sep,1982,September,SF82,Fall,SummerFall,11.31539328,5.1816,23.05555556,24
82_Oct,1982,October,SF82,Fall,SummerFall,11.74014528,3.9878,18.27777778,21.5
82_Nov,1982,November,SF82,Fall,SummerFall,15.32788384,6.0198,15.11111111,13.5
83_Dec,1983,December,WS83,Winter,WinterSpring,29.4777888,11.8618,13.22222222,12
83_Jan,1983,January,WS83,Winter,WinterSpring,100.7228576,12.8778,6.5,9
83_Feb,1983,February,WS83,Winter,WinterSpring,226.2795488,13.462,9.5,6.5
83_Mar,1983,March,WS83,Spring,WinterSpring,232.6791456,16.6624,13.55555556,14
83_Apr,1983,April,WS83,Spring,WinterSpring,205.9197696,10.4902,15.61111111,15
83_May,1983,May,WS83,Spring,WinterSpring,65.5250752,1.2446,21.88888889,21.5
83_Jun,1983,June,SF83,Summer,SummerFall,28.9397696,6.8834,24.16666667,23
83_Jul,1983,July,SF83,Summer,SummerFall,24.31280448,4.8006,27.61111111,25.5
83_Aug,1983,August,SF83,Summer,SummerFall,12.0487984,10.3378,28.27777778,28
83_Sep,1983,September,SF83,Fall,SummerFall,11.22477952,13.2334,22.66666667,28.5
83_Oct,1983,October,SF83,Fall,SummerFall,9.80044448,2.8956,18.33333333,21
83_Nov,1983,November,SF83,Fall,SummerFall,14.22069696,13.6398,12.83333333,15
84_Dec,1984,December,WS84,Winter,WinterSpring,70.3389312,11.6332,7.666666667,11.5
84_Jan,1984,January,WS84,Winter,WinterSpring,83.676144,9.525,,7
84_Feb,1984,February,WS84,Winter,WinterSpring,121.903824,9.5758,10.44444444,12.5
84_Mar,1984,March,WS84,Spring,WinterSpring,193.2338432,12.6746,,13
84_Apr,1984,April,WS84,Spring,WinterSpring,161.2075424,12.2174,,15
84_May,1984,May,WS84,Spring,WinterSpring,84.525648,9.6266,,22
84_Jun,1984,June,SF84,Summer,SummerFall,44.174208,10.1092,25.88888889,21.5
84_Jul,1984,July,SF84,Summer,SummerFall,25.39450624,,,26.5
84_Aug,1984,August,SF84,Summer,SummerFall,60.3997344,6.858,,26
84_Sep,1984,September,SF84,Fall,SummerFall,13.4646384,0.2286,23.83333333,24
84_Oct,1984,October,SF84,Fall,SummerFall,8.55450528,0.8636,22.66666667,21.5
84_Nov,1984,November,SF84,Fall,SummerFall,10.81418592,2.9718,12.55555556,12
85_Dec,1985,December,WS85,Winter,WinterSpring,16.6502784,3.8354,13.61111111,11
85_Jan,1985,January,WS85,Winter,WinterSpring,23.998488,8.2042,6.555555556,7
85_Feb,1985,February,WS85,Winter,WinterSpring,73.6519968,15.4178,10.61111111,7
85_Mar,1985,March,WS85,Spring,WinterSpring,46.2696512,2.6416,15.61111111,17
85_Apr,1985,April,WS85,Spring,WinterSpring,23.63886464,2.5654,18.88888889,18
85_May,1985,May,WS85,Spring,WinterSpring,11.51644256,7.366,22.83333333,23
85_Jun,1985,June,SF85,Summer,SummerFall,8.03630784,12.1412,26.33333333,28.5
85_Jul,1985,July,SF85,Summer,SummerFall,9.981672,12.5984,26.72222222,27
85_Aug,1985,August,SF85,Summer,SummerFall,33.555408,14.9606,25.88888889,24
85_Sep,1985,September,SF85,Fall,SummerFall,34.3199616,2.0574,23.83333333,26.5
85_Oct,1985,October,SF85,Fall,SummerFall,13.36836128,9.7028,22.05555556,
85_Nov,1985,November,SF85,Fall,SummerFall,67.3090336,17.5768,18.33333333,15
86_Dec,1986,December,WS86,Winter,WinterSpring,149.37112,6.604,7.111111111,13
86_Jan,1986,January,WS86,Winter,WinterSpring,68.5832896,4.1148,7.888888889,7
86_Feb,1986,February,WS86,Winter,WinterSpring,129.3511424,6.6802,12.66666667,13
86_Mar,1986,March,WS86,Spring,WinterSpring,74.6430848,6.9596,14.11111111,11.5
86_Apr,1986,April,WS86,Spring,WinterSpring,40.2664896,1.7526,18.16666667,21.5
86_May,1986,May,WS86,Spring,WinterSpring,11.7231552,5.1054,23.22222222,22
86_Jun,1986,June,SF86,Summer,SummerFall,7.9570208,3.7084,27.83333333,28.5
86_Jul,1986,July,SF86,Summer,SummerFall,4.61280672,3.302,30.16666667,29
86_Aug,1986,August,SF86,Summer,SummerFall,7.66252608,22.8854,27.22222222,27.5
86_Sep,1986,September,SF86,Fall,SummerFall,17.90471264,0.8636,25.16666667,23.5
86_Oct,1986,October,SF86,Fall,SummerFall,9.99299872,9.525,19.44444444,22.5
86_Nov,1986,November,SF86,Fall,SummerFall,15.84041792,10.668,17.11111111,20
87_Dec,1987,December,WS87,Winter,WinterSpring,62.438544,9.525,10,10.5
87_Jan,1987,January,WS87,Winter,WinterSpring,212.942336,19.8628,8,10.5
87_Feb,1987,February,WS87,Winter,WinterSpring,204.6738304,13.9192,9.277777778,9.5
87_Mar,1987,March,WS87,Spring,WinterSpring,251.7929856,14.478,13.55555556,13
87_Apr,1987,April,WS87,Spring,WinterSpring,119.7234304,1.2446,16.55555556,20
87_May,1987,May,WS87,Spring,WinterSpring,33.6686752,8.2296,23.22222222,21.5
87_Jun,1987,June,SF87,Summer,SummerFall,21.20361984,21.8694,26.11111111,27
87_Jul,1987,July,SF87,Summer,SummerFall,36.8967904,3.1496,27.83333333,26.5
87_Aug,1987,August,SF87,Summer,SummerFall,7.7729616,6.1722,28.72222222,31.5
87_Sep,1987,September,SF87,Fall,SummerFall,18.62395936,9.1186,24.38888889,21
87_Oct,1987,October,SF87,Fall,SummerFall,7.48413024,0.1778,15.16666667,16.5
87_Nov,1987,November,SF87,Fall,SummerFall,8.99341568,6.2992,15,15.5
88_Dec,1988,December,WS88,Winter,WinterSpring,14.91729024,4.0386,11.55555556,9
88_Jan,1988,January,WS88,Winter,WinterSpring,29.9874912,10.7442,,8.5
88_Feb,1988,February,WS88,Winter,WinterSpring,42.8716352,4.826,9,7
88_Mar,1988,March,WS88,Spring,WinterSpring,53.0373664,6.2992,14,15
88_Apr,1988,April,WS88,Spring,WinterSpring,44.1175744,12.0904,,16.5
88_May,1988,May,WS88,Spring,WinterSpring,47.7704416,2.5654,21.16666667,17
88_Jun,1988,June,SF88,Summer,SummerFall,7.28308096,7.493,25.05555556,25
88_Jul,1988,July,SF88,Summer,SummerFall,5.00357856,7.493,27.61111111,26.5
88_Aug,1988,August,SF88,Summer,SummerFall,6.24102272,5.0292,27.55555556,28.5
88_Sep,1988,September,SF88,Fall,SummerFall,44.6839104,13.7668,24.61111111,23.5
88_Oct,1988,October,SF88,Fall,SummerFall,32.3661024,4.1656,16.38888889,15.5
88_Nov,1988,November,SF88,Fall,SummerFall,18.54184064,4.318,14.77777778,14.5
89_Dec,1989,December,WS89,Winter,WinterSpring,18.66360288,2.7178,8.666666667,8
89_Jan,1989,January,WS89,Winter,WinterSpring,28.3734336,6.0452,11,12
89_Feb,1989,February,WS89,Winter,WinterSpring,22.14940096,9.779,11.27777778,16
89_Mar,1989,March,WS89,Spring,WinterSpring,71.1601184,13.9192,15.33333333,11
89_Apr,1989,April,WS89,Spring,WinterSpring,100.6095904,11.4046,18.11111111,12.5
89_May,1989,May,WS89,Spring,WinterSpring,53.4054848,9.0424,20.77777778,17.5
89_Jun,1989,June,SF89,Summer,SummerFall,24.4798736,13.9954,25.83333333,26
89_Jul,1989,July,SF89,Summer,SummerFall,42.4752,11.7856,26.72222222,27
89_Aug,1989,August,SF89,Summer,SummerFall,46.6660864,12.3952,26.22222222,25
89_Sep,1989,September,SF89,Fall,SummerFall,51.9896448,12.2682,23.44444444,20
89_Oct,1989,October,SF89,Fall,SummerFall,88.3200992,,,21.5
89_Nov,1989,November,SF89,Fall,SummerFall,31.8847168,7.0612,13.88888889,14.5
90_Dec,1990,December,WS90,Winter,WinterSpring,104.205824,13.5128,5.166666667,11
90_Jan,1990,January,WS90,Winter,WinterSpring,153.9584416,8.255,11.94444444,11
90_Feb,1990,February,WS90,Winter,WinterSpring,102.2519648,7.239,14.22222222,14
90_Mar,1990,March,WS90,Spring,WinterSpring,89.8208896,6.477,15.44444444,14
90_Apr,1990,April,WS90,Spring,WinterSpring,56.775184,3.429,17.61111111,15.5
90_May,1990,May,WS90,Spring,WinterSpring,20.99124384,5.3594,22.5,19
90_Jun,1990,June,SF90,Summer,SummerFall,10.3781072,4.0894,26.83333333,25
90_Jul,1990,July,SF90,Summer,SummerFall,5.2527664,6.1722,28.22222222,27.5
90_Aug,1990,August,SF90,Summer,SummerFall,6.6261312,7.0358,27.77777778,28
90_Sep,1990,September,SF90,Fall,SummerFall,3.9077184,3.1242,25.16666667,24.5
90_Oct,1990,October,SF90,Fall,SummerFall,153.3921056,56.2864,19.61111111,21
90_Nov,1990,November,SF90,Fall,SummerFall,75.6341728,9.2456,14.22222222,13
91_Dec,1991,December,WS91,Winter,WinterSpring,44.174208,5.3594,11.61111111,7.5
91_Jan,1991,January,WS91,Winter,WinterSpring,108.7081952,21.5646,9.5,7.5
91_Feb,1991,February,WS91,Winter,WinterSpring,271.7846464,3.81,12.66666667,10
91_Mar,1991,March,WS91,Spring,WinterSpring,237.2664672,22.1996,15.55555556,11
91_Apr,1991,April,WS91,Spring,WinterSpring,151.1267616,11.0744,20.16666667,15
91_May,1991,May,WS91,Spring,WinterSpring,133.8251968,15.2654,24.38888889,22.5
91_Jun,1991,June,SF91,Summer,SummerFall,68.0452704,6.1468,25.72222222,22
91_Jul,1991,July,SF91,Summer,SummerFall,52.1878624,15.367,27.61111111,25.5
91_Aug,1991,August,SF91,Summer,SummerFall,214.6130272,37.4904,26.72222222,25
91_Sep,1991,September,SF91,Fall,SummerFall,104.3757248,5.969,24.22222222,26.5
91_Oct,1991,October,SF91,Fall,SummerFall,18.92128576,1.8288,19.27777778,16
91_Nov,1991,November,SF91,Fall,SummerFall,16.919288,3.2004,11.72222222,9
92_Dec,1992,December,WS92,Winter,WinterSpring,24.06644832,8.8646,11.72222222,12
92_Jan,1992,January,WS92,Winter,WinterSpring,67.9036864,14.8336,9.388888889,8
92_Feb,1992,February,WS92,Winter,WinterSpring,94.3515776,14.9606,12.44444444,8.5
92_Mar,1992,March,WS92,Spring,WinterSpring,146.256272,11.6078,14.16666667,19.5
92_Apr,1992,April,WS92,Spring,WinterSpring,79.8816928,5.334,17.44444444,15
92_May,1992,May,WS92,Spring,WinterSpring,32.2528352,8.763,,24
92_Jun,1992,June,SF92,Summer,SummerFall,70.2822976,13.0048,,24
92_Jul,1992,July,SF92,Summer,SummerFall,48.6199456,11.3792,27.83333333,27.5
92_Aug,1992,August,SF92,Summer,SummerFall,61.5040896,13.9954,26,32
92_Sep,1992,September,SF92,Fall,SummerFall,61.7023072,18.3134,24.61111111,22
92_Oct,1992,October,SF92,Fall,SummerFall,112.6159136,7.5692,17.16666667,16.5
92_Nov,1992,November,SF92,Fall,SummerFall,86.507824,17.7292,13.66666667,19
93_Dec,1993,December,WS93,Winter,WinterSpring,162.5950656,6.5278,8.388888889,7
93_Jan,1993,January,WS93,Winter,WinterSpring,298.74224,17.3482,10.66666667,11
93_Feb,1993,February,WS93,Winter,WinterSpring,153.1655712,10.1854,8.5,11
93_Mar,1993,March,WS93,Spring,WinterSpring,211.8379808,23.0378,,8.5
93_Apr,1993,April,WS93,Spring,WinterSpring,234.5197376,3.4798,,19
93_May,1993,May,WS93,Spring,WinterSpring,47.572224,6.1976,21.61111111,21
93_Jun,1993,June,SF93,Summer,SummerFall,18.82784032,16.383,26.61111111,24.5
93_Jul,1993,July,SF93,Summer,SummerFall,10.9302848,11.5062,29.5,29.5
93_Aug,1993,August,SF93,Summer,SummerFall,9.061376,10.5664,27.11111111,26
93_Sep,1993,September,SF93,Fall,SummerFall,6.89230912,5.8674,25.27777778,23.5
93_Oct,1993,October,SF93,Fall,SummerFall,5.734152,8.8138,,22
93_Nov,1993,November,SF93,Fall,SummerFall,19.44797824,5.7658,13.11111111,14
94_Dec,1994,December,WS94,Winter,WinterSpring,26.971752,5.5118,7.888888889,9
94_Jan,1994,January,WS94,Winter,WinterSpring,47.6571744,9.3472,,6.4
94_Feb,1994,February,WS94,Winter,WinterSpring,78.0694176,12.446,11.55555556,10
94_Mar,1994,March,WS94,Spring,WinterSpring,123.9709504,19.9644,15.55555556,
94_Apr,1994,April,WS94,Spring,WinterSpring,86.6210912,4.1148,19.27777778,
94_May,1994,May,WS94,Spring,WinterSpring,22.2428464,2.159,21.55555556,
94_Jun,1994,June,SF94,Summer,SummerFall,27.72497888,23.1648,26,
94_Jul,1994,July,SF94,Summer,SummerFall,66.3179456,23.749,26.16666667,
94_Aug,1994,August,SF94,Summer,SummerFall,70.5654656,15.0368,25.55555556,
94_Sep,1994,September,SF94,Fall,SummerFall,48.1668768,6.1722,23,
94_Oct,1994,October,SF94,Fall,SummerFall,149.512704,25.9588,18.27777778,
94_Nov,1994,November,SF94,Fall,SummerFall,74.9545696,10.0076,15.61111111,
95_Dec,1995,December,WS95,Winter,WinterSpring,127.0574816,10.3124,11.33333333,11.4
95_Jan,1995,January,WS95,Winter,WinterSpring,185.1352384,13.8176,9.5,8.7
95_Feb,1995,February,WS95,Winter,WinterSpring,258.957136,13.97,10.11111111,7.1
95_Mar,1995,March,WS95,Spring,WinterSpring,180.944352,5.0546,15.55555556,16.4
95_Apr,1995,April,WS95,Spring,WinterSpring,47.713808,2.159,19.05555556,19.5
95_May,1995,May,WS95,Spring,WinterSpring,18.26716768,3.5814,23.72222222,24
95_Jun,1995,June,SF95,Summer,SummerFall,71.2450688,9.7282,25.16666667,22.5
95_Jul,1995,July,SF95,Summer,SummerFall,23.21411264,8.763,28.16666667,27
95_Aug,1995,August,SF95,Summer,SummerFall,52.5559808,24.0538,27.22222222,24.8
95_Sep,1995,September,SF95,Fall,SummerFall,61.9005248,14.1732,23.44444444,24.6
95_Oct,1995,October,SF95,Fall,SummerFall,29.6760064,8.255,19.72222222,22.6
95_Nov,1995,November,SF95,Fall,SummerFall,44.3441088,6.9342,11.77777778,16.8
96_Dec,1996,December,WS96,Winter,WinterSpring,50.3189536,8.636,8.333333333,11.8
96_Jan,1996,January,WS96,Winter,WinterSpring,62.8349792,11.938,8.777777778,8
96_Feb,1996,February,WS96,Winter,WinterSpring,105.4517632,5.3848,11.05555556,15.9
96_Mar,1996,March,WS96,Spring,WinterSpring,133.9667808,15.0368,11.66666667,15.1
96_Apr,1996,April,WS96,Spring,WinterSpring,94.011776,5.9436,17.44444444,17.6
96_May,1996,May,WS96,Spring,WinterSpring,42.0787648,6.2484,23.77777778,20
96_Jun,1996,June,SF96,Summer,SummerFall,19.94069056,3.5814,25.61111111,26.3
96_Jul,1996,July,SF96,Summer,SummerFall,15.27408192,15.1384,27.72222222,27.5
96_Aug,1996,August,SF96,Summer,SummerFall,21.11300608,9.9822,25.83333333,25
96_Sep,1996,September,SF96,Fall,SummerFall,15.15515136,10.2616,23.83333333,23.7
96_Oct,1996,October,SF96,Fall,SummerFall,26.28648544,5.2324,17.72222222,15.2
96_Nov,1996,November,SF96,Fall,SummerFall,16.73806048,4.2926,12.05555556,15.6
97_Dec,1997,December,WS97,Winter,WinterSpring,31.1201632,6.5786,10.5,10.1
97_Jan,1997,January,WS97,Winter,WinterSpring,60.8244864,13.5636,9.666666667,11.5
97_Feb,1997,February,WS97,Winter,WinterSpring,132.7208416,15.0114,11.88888889,10.5
97_Mar,1997,March,WS97,Spring,WinterSpring,120.487984,4.826,17.72222222,18.2
97_Apr,1997,April,WS97,Spring,WinterSpring,29.4211552,10.8458,16.94444444,17.5
97_May,1997,May,WS97,Spring,WinterSpring,36.8684736,3.4036,20.44444444,18.5
97_Jun,1997,June,SF97,Summer,SummerFall,16.62479328,7.493,24.27777778,21.5
97_Jul,1997,July,SF97,Summer,SummerFall,14.83517152,19.5072,27.77777778,27.8
97_Aug,1997,August,SF97,Summer,SummerFall,35.0845152,8.8646,26,24.5
97_Sep,1997,September,SF97,Fall,SummerFall,7.13017024,14.1224,24.22222222,25
97_Oct,1997,October,SF97,Fall,SummerFall,24.15139872,12.319,18.27777778,22
97_Nov,1997,November,SF97,Fall,SummerFall,80.278128,12.7508,11.22222222,12
98_Dec,1998,December,WS98,Winter,WinterSpring,155.9972512,21.844,8.833333333,8
98_Jan,1998,January,WS98,Winter,WinterSpring,295.627392,15.3416,10.44444444,9.4
98_Feb,1998,February,WS98,Winter,WinterSpring,415.973792,18.288,11.16666667,10.1
98_Mar,1998,March,WS98,Spring,WinterSpring,393.037184,18.1864,12.72222222,13.7
98_Apr,1998,April,WS98,Spring,WinterSpring,232.5375616,20.2692,17.66666667,19
98_May,1998,May,WS98,Spring,WinterSpring,116.8351168,9.0932,23.88888889,20.7
98_Jun,1998,June,SF98,Summer,SummerFall,25.75129792,2.8956,28.5,25.5
98_Jul,1998,July,SF98,Summer,SummerFall,8.97925728,6.4008,29.27777778,30.1
98_Aug,1998,August,SF98,Summer,SummerFall,11.02656192,6.6548,27.22222222,28.4
98_Sep,1998,September,SF98,Fall,SummerFall,44.7971776,25.5778,24.83333333,26.7
98_Oct,1998,October,SF98,Fall,SummerFall,34.0084768,0.7366,19.05555556,23.6
98_Nov,1998,November,SF98,Fall,SummerFall,15.48079456,1.778,15.72222222,15.8
99_Dec,1999,December,WS99,Winter,WinterSpring,18.6749296,4.0132,11.55555556,11.1
99_Jan,1999,January,WS99,Winter,WinterSpring,45.0520288,15.113,9.888888889,10.8
99_Feb,1999,February,WS99,Winter,WinterSpring,90.9252448,8.001,10.22222222,10
99_Mar,1999,March,WS99,Spring,WinterSpring,47.5439072,6.2484,11.72222222,15.2
99_Apr,1999,April,WS99,Spring,WinterSpring,34.6314464,3.9624,19.77777778,22.5
99_May,1999,May,WS99,Spring,WinterSpring,16.01598208,10.1092,20.88888889,24.3
99_Jun,1999,June,SF99,Summer,SummerFall,8.04480288,13.9954,25.05555556,24.3
99_Jul,1999,July,SF99,Summer,SummerFall,23.8002704,12.8016,27.38888889,26.5
99_Aug,1999,August,SF99,Summer,SummerFall,5.80777568,4.9784,28.72222222,28.4
99_Sep,1999,September,SF99,Fall,SummerFall,6.47322048,13.589,22.88888889,22.4
99_Oct,1999,October,SF99,Fall,SummerFall,27.15297952,8.001,17.61111111,20.5
99_Nov,1999,November,SF99,Fall,SummerFall,11.23044288,3.556,14.38888889,13.5
00_Dec,2000,December,WS00,Winter,WinterSpring,17.556416,4.699,8.388888889,12.9
00_Jan,2000,January,WS00,Winter,WinterSpring,26.31197056,15.9258,7.166666667,9.8
00_Feb,2000,February,WS00,Winter,WinterSpring,70.3955648,1.9812,9.777777778,12.2
00_Mar,2000,March,WS00,Spring,WinterSpring,60.2581504,9.271,14.72222222,15.4
00_Apr,2000,April,WS00,Spring,WinterSpring,44.174208,1.778,15.83333333,18
00_May,2000,May,WS00,Spring,WinterSpring,8.3251392,2.3368,23.83333333,26.7
00_Jun,2000,June,SF00,Summer,SummerFall,3.64720384,9.8044,26.22222222,28
00_Jul,2000,July,SF00,Summer,SummerFall,4.02664896,8.0772,27.5,29.5
00_Aug,2000,August,SF00,Summer,SummerFall,6.86965568,6.1976,26.55555556,28
00_Sep,2000,September,SF00,Fall,SummerFall,9.15482144,18.3896,22.22222222,24.3
00_Oct,2000,October,SF00,Fall,SummerFall,14.583152,0.4826,17.33333333,16.3
00_Nov,2000,November,SF00,Fall,SummerFall,8.5233568,9.4996,11.77777778,15.1
01_Dec,2001,December,WS01,Winter,WinterSpring,19.2412656,5.6896,3.888888889,7.9
01_Jan,2001,January,WS01,Winter,WinterSpring,33.3571904,8.1026,6.388888889,8.7
01_Feb,2001,February,WS01,Winter,WinterSpring,36.2738208,6.6294,11.83333333,11.6
01_Mar,2001,March,WS01,Spring,WinterSpring,111.4832416,21.844,12.22222222,15
01_Apr,2001,April,WS01,Spring,WinterSpring,88.8581184,3.4798,18,17.9
01_May,2001,May,WS01,Spring,WinterSpring,15.02772576,5.6388,22.11111111,24.9
01_Jun,2001,June,SF01,Summer,SummerFall,21.82375776,9.7282,25.44444444,26.5
01_Jul,2001,July,SF01,Summer,SummerFall,19.50744352,3.7846,26.88888889,27.8
01_Aug,2001,August,SF01,Summer,SummerFall,6.00882496,4.064,27.66666667,28
01_Sep,2001,September,SF01,Fall,SummerFall,5.08569728,8.4836,23.05555556,27.2
01_Oct,2001,October,SF01,Fall,SummerFall,4.3041536,0.8128,16.61111111,20.6
01_Nov,2001,November,SF01,Fall,SummerFall,5.00641024,4.5212,15.77777778,13.3
02_Dec,2002,December,WS02,Winter,WinterSpring,9.09818784,3.5052,11.72222222,16.2
02_Jan,2002,January,WS02,Winter,WinterSpring,12.10826368,8.509,8.5,6.1
02_Feb,2002,February,WS02,Winter,WinterSpring,18.75421664,6.604,8.611111111,9.8
02_Mar,2002,March,WS02,Spring,WinterSpring,24.74321984,10.8204,14.27777778,11
02_Apr,2002,April,WS02,Spring,WinterSpring,23.2056176,5.7912,20.27777778,22.5
02_May,2002,May,WS02,Spring,WinterSpring,8.44406976,8.1788,21.33333333,24.5
02_Jun,2002,June,SF02,Summer,SummerFall,4.69209376,4.9276,25.94444444,28.4
02_Jul,2002,July,SF02,Summer,SummerFall,3.70666912,6.7056,27.88888889,28.9
02_Aug,2002,August,SF02,Summer,SummerFall,2.58249216,10.2362,27.16666667,29.3
02_Sep,2002,September,SF02,Fall,SummerFall,6.28349792,15.3416,24.94444444,25.9
02_Oct,2002,October,SF02,Fall,SummerFall,10.31864192,8.2296,19.94444444,18.9
02_Nov,2002,November,SF02,Fall,SummerFall,26.04012928,12.4714,11.27777778,15.7
03_Dec,2003,December,WS03,Winter,WinterSpring,36.6985728,11.7856,7.055555556,9.1
03_Jan,2003,January,WS03,Winter,WinterSpring,53.7452864,5.3086,5.666666667,7.5
03_Feb,2003,February,WS03,Winter,WinterSpring,49.8942016,10.6172,9.222222222,9.6
03_Mar,2003,March,WS03,Spring,WinterSpring,272.2377152,23.1902,14.72222222,15.9
03_Apr,2003,April,WS03,Spring,WinterSpring,206.5993728,17.018,16.83333333,16.6
03_May,2003,May,WS03,Spring,WinterSpring,91.5765312,19.1008,22.27777778,24.6
03_Jun,2003,June,SF03,Summer,SummerFall,160.0465536,13.8176,25,25.1
03_Jul,2003,July,SF03,Summer,SummerFall,129.5210432,23.749,26.38888889,26.3
03_Aug,2003,August,SF03,Summer,SummerFall,174.9411904,8.2296,26.66666667,26.5
03_Sep,2003,September,SF03,Fall,SummerFall,43.2963872,3.2258,23,24.3
03_Oct,2003,October,SF03,Fall,SummerFall,15.46663616,6.1722,17.88888889,21.9
03_Nov,2003,November,SF03,Fall,SummerFall,29.8459072,6.35,15.22222222,16.3
04_Dec,2004,December,WS04,Winter,WinterSpring,30.8936288,5.7404,6.111111111,10.2
04_Jan,2004,January,WS04,Winter,WinterSpring,28.14123584,8.2804,6.944444444,7
04_Feb,2004,February,WS04,Winter,WinterSpring,107.6604736,15.5956,7.222222222,12.2
04_Mar,2004,March,WS04,Spring,WinterSpring,88.5466336,1.2192,14.72222222,17.1
04_Apr,2004,April,WS04,Spring,WinterSpring,24.75737824,5.1816,17.33333333,20.6
04_May,2004,May,WS04,Spring,WinterSpring,16.08677408,7.7724,23.72222222,25.6
04_Jun,2004,June,SF04,Summer,SummerFall,11.3125616,21.7424,26.72222222,27.7
04_Jul,2004,July,SF04,Summer,SummerFall,13.87240032,3.683,27.77777778,30.3
04_Aug,2004,August,SF04,Summer,SummerFall,8.36478272,8.0772,25.88888889,25.8
04_Sep,2004,September,SF04,Fall,SummerFall,39.1621344,25.146,23.5,23.3
04_Oct,2004,October,SF04,Fall,SummerFall,53.1789504,2.3114,19.38888889,18.9
04_Nov,2004,November,SF04,Fall,SummerFall,16.72956544,4.572,14.22222222,13.2
05_Dec,2005,December,WS05,Winter,WinterSpring,34.0367936,5.207,7.722222222,12.7
05_Jan,2005,January,WS05,Winter,WinterSpring,32.5926368,4.9022,9,8.7
05_Feb,2005,February,WS05,Winter,WinterSpring,53.4621184,15.0368,9.888888889,10
05_Mar,2005,March,WS05,Spring,WinterSpring,112.6725472,18.9738,12.27777778,12.5
05_Apr,2005,April,WS05,Spring,WinterSpring,217.4447072,8.1788,15.66666667,18.7
05_May,2005,May,WS05,Spring,WinterSpring,34.2066944,3.81,20.33333333,23.9
05_Jun,2005,June,SF05,Summer,SummerFall,83.7044608,16.256,24.88888889,23.9
05_Jul,2005,July,SF05,Summer,SummerFall,59.2953792,6.5786,27.88888889,27.2
05_Aug,2005,August,SF05,Summer,SummerFall,65.83656,24.6888,27.33333333,25.5
05_Sep,2005,September,SF05,Fall,SummerFall,16.56249632,0.0508,25.38888889,
05_Oct,2005,October,SF05,Fall,SummerFall,52.4427136,15.8242,18.83333333,
05_Nov,2005,November,SF05,Fall,SummerFall,18.54184064,4.5212,13.83333333,
06_Dec,2006,December,WS06,Winter,WinterSpring,36.9251072,9.4234,6.722222222,
06_Jan,2006,January,WS06,Winter,WinterSpring,79.7967424,10.16,10.83333333,
06_Feb,2006,February,WS06,Winter,WinterSpring,66.686064,7.5692,8.5,
06_Mar,2006,March,WS06,Spring,WinterSpring,67.0541824,1.6002,12.88888889,14
06_Apr,2006,April,WS06,Spring,WinterSpring,36.7835232,6.7564,19.61111111,22
06_May,2006,May,WS06,Spring,WinterSpring,16.70408032,8.509,21.66666667,21.2
06_Jun,2006,June,SF06,Summer,SummerFall,8.91696032,11.1506,25.22222222,28.4
06_Jul,2006,July,SF06,Summer,SummerFall,6.94327936,3.937,27.77777778,30.4
06_Aug,2006,August,SF06,Summer,SummerFall,6.05696352,7.5692,28.61111111,29
06_Sep,2006,September,SF06,Fall,SummerFall,6.88947744,3.429,23.5,27.6
06_Oct,2006,October,SF06,Fall,SummerFall,3.63021376,4.7752,16.94444444,19.4
06_Nov,2006,November,SF06,Fall,SummerFall,8.31947584,,13,13.8
07_Dec,2007,December,WS07,Winter,WinterSpring,12.30081792,15.2146,11,12.9
07_Jan,2007,January,WS07,Winter,WinterSpring,49.2995488,11.6586,9.611111111,9.9
07_Feb,2007,February,WS07,Winter,WinterSpring,66.7143808,7.2898,8,9.7
07_Mar,2007,March,WS07,Spring,WinterSpring,65.2135904,5.1054,15.22222222,16.2
07_Apr,2007,April,WS07,Spring,WinterSpring,29.0530368,8.9916,16.66666667,16.3
07_May,2007,May,WS07,Spring,WinterSpring,11.18796768,2.2352,22.16666667,25
07_Jun,2007,June,SF07,Summer,SummerFall,20.25500704,20.3708,25.72222222,26.9
07_Jul,2007,July,SF07,Summer,SummerFall,7.58323904,14.6304,26.38888889,31
07_Aug,2007,August,SF07,Summer,SummerFall,6.1447456,7.1628,29.11111111,31.2
07_Sep,2007,September,SF07,Fall,SummerFall,8.78387136,4.5466,24.77777778,24.9
07_Oct,2007,October,SF07,Fall,SummerFall,4.91862816,1.8542,21.05555556,23.4
07_Nov,2007,November,SF07,Fall,SummerFall,3.96152032,0.7366,13.88888889,14.6
08_Dec,2008,December,WS08,Winter,WinterSpring,13.28907424,20.2946,12.5,15.5
08_Jan,2008,January,WS08,Winter,WinterSpring,68.4700224,9.8806,7.166666667,12.7
08_Feb,2008,February,WS08,Winter,WinterSpring,75.8607072,11.049,11.11111111,12.1
08_Mar,2008,March,WS08,Spring,WinterSpring,114.541456,10.8458,12.94444444,16.8
08_Apr,2008,April,WS08,Spring,WinterSpring,74.4165504,4.4704,16.77777778,17.7
08_May,2008,May,WS08,Spring,WinterSpring,24.0409632,10.6934,21.72222222,23.6
08_Jun,2008,June,SF08,Summer,SummerFall,7.73614976,2.794,28,29.3
08_Jul,2008,July,SF08,Summer,SummerFall,4.16823296,8.509,27.38888889,31.6
08_Aug,2008,August,SF08,Summer,SummerFall,5.16498432,8.4836,27.27777778,28
08_Sep,2008,September,SF08,Fall,SummerFall,6.30898304,5.2832,24.11111111,24.2
08_Oct,2008,October,SF08,Fall,SummerFall,4.74872736,8.8646,16.88888889,16.6
08_Nov,2008,November,SF08,Fall,SummerFall,8.7923664,13.2588,10.77777778,13.2
09_Dec,2009,December,WS09,Winter,WinterSpring,61.5607232,12.8016,11.38888889,10.4
09_Jan,2009,January,WS09,Winter,WinterSpring,38.086096,3.4544,7.444444444,8.3
09_Feb,2009,February,WS09,Winter,WinterSpring,28.9114528,3.048,8.611111111,9.8
09_Mar,2009,March,WS09,Spring,WinterSpring,65.5817088,14.6558,12.94444444,15.7
09_Apr,2009,April,WS09,Spring,WinterSpring,205.2401664,14.097,16.38888889,17.7
09_May,2009,May,WS09,Spring,WinterSpring,78.5508032,16.6878,22.22222222,18.5
09_Jun,2009,June,SF09,Summer,SummerFall,41.2292608,4.7498,27.33333333,30.1
09_Jul,2009,July,SF09,Summer,SummerFall,7.56624896,10.5918,26.66666667,29.7
09_Aug,2009,August,SF09,Summer,SummerFall,7.9853376,11.7602,26.72222222,28.9
09_Sep,2009,September,SF09,Fall,SummerFall,8.9339504,11.5062,23.77777778,27
09_Oct,2009,October,SF09,Fall,SummerFall,25.61537728,10.541,17.11111111,14.6
09_Nov,2009,November,SF09,Fall,SummerFall,48.2518272,9.2964,13.16666667,14.8
10_Dec,2010,December,WS10,Winter,WinterSpring,157.3847744,21.9456,7.388888889,12.5
10_Jan,2010,January,WS10,Winter,WinterSpring,203.597792,17.3736,5.333333333,2.8
10_Feb,2010,February,WS10,Winter,WinterSpring,237.3231008,6.9088,5.555555556,7.5
10_Mar,2010,March,WS10,Spring,WinterSpring,120.6862016,8.4328,11.16666667,15
10_Apr,2010,April,WS10,Spring,WinterSpring,51.5082592,3.5306,18.22222222,18.3
10_May,2010,May,WS10,Spring,WinterSpring,34.3482784,6.4008,23.61111111,23.7
10_Jun,2010,June,SF10,Summer,SummerFall,19.29223584,9.652,27.88888889,25.6
10_Jul,2010,July,SF10,Summer,SummerFall,10.28183008,12.5476,28.61111111,30.2
10_Aug,2010,August,SF10,Summer,SummerFall,11.07753216,18.3134,28.05555556,30.6
10_Sep,2010,September,SF10,Fall,SummerFall,7.1641504,7.9248,24.83333333,28.2
10_Oct,2010,October,SF10,Fall,SummerFall,7.4048432,3.0226,17.83333333,21.9
10_Nov,2010,November,SF10,Fall,SummerFall,6.75072512,4.2926,12.61111111,12.2
11_Dec,2011,December,WS11,Winter,WinterSpring,11.39468032,3.048,4.277777778,4.1
11_Jan,2011,January,WS11,Winter,WinterSpring,17.99249472,7.874,5.333333333,5.5
11_Feb,2011,February,WS11,Winter,WinterSpring,59.7201312,13.5636,10.33333333,8
11_Mar,2011,March,WS11,Spring,WinterSpring,37.7179776,11.8364,13.94444444,19.9
11_Apr,2011,April,WS11,Spring,WinterSpring,53.660336,5.5118,19.05555556,19.4
11_May,2011,May,WS11,Spring,WinterSpring,9.87973152,1.778,22.44444444,21.9
11_Jun,2011,June,SF11,Summer,SummerFall,3.36686752,6.5278,28.27777778,29.7
11_Jul,2011,July,SF11,Summer,SummerFall,2.59948224,8.4836,28.72222222,31.8
11_Aug,2011,August,SF11,Summer,SummerFall,2.48621504,2.794,28.94444444,31.4
11_Sep,2011,September,SF11,Fall,SummerFall,1.01090976,8.1026,24.05555556,24.7
11_Oct,2011,October,SF11,Fall,SummerFall,4.13991616,4.064,16.33333333,20.5
11_Nov,2011,November,SF11,Fall,SummerFall,4.74589568,5.2832,13.33333333,12.2
12_Dec,2012,December,WS12,Winter,WinterSpring,8.49787168,6.7056,10.38888889,10
12_Jan,2012,January,WS12,Winter,WinterSpring,10.6046416,3.048,9.722222222,10.5
12_Feb,2012,February,WS12,Winter,WinterSpring,11.80244224,4.9784,11,11.9
12_Mar,2012,March,WS12,Spring,WinterSpring,24.59030912,5.7912,17.66666667,21.2
12_Apr,2012,April,WS12,Spring,WinterSpring,9.44082112,1.8288,18.38888889,22
12_May,2012,May,WS12,Spring,WinterSpring,4.93561824,11.8618,23.11111111,24.5
12_Jun,2012,June,SF12,Summer,SummerFall,17.32421824,,23.44444444,22.9
12_Jul,2012,July,SF12,Summer,SummerFall,5.26975648,,28.11111111,29.4
12_Aug,2012,August,SF12,Summer,SummerFall,8.10426816,18.4658,25.33333333,27.9
12_Sep,2012,September,SF12,Fall,SummerFall,10.57066144,5.08,22.72222222,24.4
12_Oct,2012,October,SF12,Fall,SummerFall,3.681184,3.937,17.88888889,19.1
12_Nov,2012,November,SF12,Fall,SummerFall,2.97609568,3.5052,10.55555556,13.3
13_Dec,2013,December,WS13,Winter,WinterSpring,7.74747648,13.4874,10.61111111,13.5
13_Jan,2013,January,WS13,Winter,WinterSpring,15.92253664,3.1496,11.16666667,16.1
13_Feb,2013,February,WS13,Winter,WinterSpring,84.1292128,27.178,8.333333333,10.9
13_Mar,2013,March,WS13,Spring,WinterSpring,161.3208096,,,14.6
13_Apr,2013,April,WS13,Spring,WinterSpring,118.6757088,14.4272,16.61111111,19.9
13_May,2013,May,WS13,Spring,WinterSpring,72.1512064,6.35,19.83333333,22.2
13_Jun,2013,June,SF13,Summer,SummerFall,95.002864,28.0162,25,24.4
13_Jul,2013,July,SF13,Summer,SummerFall,237.5213184,40.3098,25.83333333,25
13_Aug,2013,August,SF13,Summer,SummerFall,126.6327296,19.685,24.77777778,24.7
13_Sep,2013,September,SF13,Fall,SummerFall,57.1433024,7.239,23.33333333,24.1
13_Oct,2013,October,SF13,Fall,SummerFall,15.14665632,0.2286,17.88888889,16.5
13_Nov,2013,November,SF13,Fall,SummerFall,12.26966944,5.969,11.27777778,11.3
14_Dec,2014,December,WS14,Winter,WinterSpring,31.14848,15.5194,10,13.1
14_Jan,2014,January,WS14,Winter,WinterSpring,91.2084128,8.1534,4,9
14_Feb,2014,February,WS14,Winter,WinterSpring,90.9252448,12.1412,8.833333333,14.4
14_Mar,2014,March,WS14,Spring,WinterSpring,118.1093728,8.8646,10.72222222,14.6
14_Apr,2014,April,WS14,Spring,WinterSpring,113.2388832,10.7442,17.27777778,16.8
14_May,2014,May,WS14,Spring,WinterSpring,62.2120096,10.0076,21.72222222,21.2
14_Jun,2014,June,SF14,Summer,SummerFall,36.1888704,6.35,25.66666667,25.7
14_Jul,2014,July,SF14,Summer,SummerFall,10.6754336,12.3952,26.5,28.2
14_Aug,2014,August,SF14,Summer,SummerFall,16.12075424,5.461,25.94444444,28.5
14_Sep,2014,September,SF14,Fall,SummerFall,20.67692736,7.3152,23.88888889,25.4
14_Oct,2014,October,SF14,Fall,SummerFall,8.92545536,1.8796,18.5,20.8
14_Nov,2014,November,SF14,Fall,SummerFall,12.69158976,7.747,9.555555556,7.5
15_Dec,2015,December,WS15,Winter,WinterSpring,45.3918304,12.0904,10.16666667,9.4
15_Jan,2015,January,WS15,Winter,WinterSpring,89.9341568,7.6962,6.388888889,8.2
15_Feb,2015,February,WS15,Winter,WinterSpring,77.1066464,13.4112,5.722222222,8
15_Mar,2015,March,WS15,Spring,WinterSpring,139.884992,8.636,13.94444444,16.5
15_Apr,2015,April,WS15,Spring,WinterSpring,88.8298016,13.3096,18.88888889,19.8
15_May,2015,May,WS15,Spring,WinterSpring,48.280144,5.2324,22,23.4
15_Jun,2015,June,SF15,Summer,SummerFall,15.45530944,9.8552,26.5,27.9
15_Jul,2015,July,SF15,Summer,SummerFall,7.79278336,13.2334,27.44444444,28.2
15_Aug,2015,August,SF15,Summer,SummerFall,5.53027104,11.7602,26.16666667,28.3
15_Sep,2015,September,SF15,Fall,SummerFall,7.92304064,12.2174,23.16666667,25.9
15_Oct,2015,October,SF15,Fall,SummerFall,21.59156,8.128,17.33333333,15.4
15_Nov,2015,November,SF15,Fall,SummerFall,64.5056704,19.5072,14.38888889,15
16_Dec,2016,December,WS16,Winter,WinterSpring,64.42072,18.9738,14.44444444,14.5
16_Jan,2016,January,WS16,Winter,WinterSpring,167.0974368,6.604,6.222222222,6.4
16_Feb,2016,February,WS16,Winter,WinterSpring,155.6291328,9.525,9.611111111,10.3
16_Mar,2016,March,WS16,Spring,WinterSpring,86.7060416,4.445,16.11111111,15.3
16_Apr,2016,April,WS16,Spring,WinterSpring,95.5692,9.2964,17.38888889,20.6
16_May,2016,May,WS16,Spring,WinterSpring,38.7373824,6.604,21.05555556,22.2
16_Jun,2016,June,SF16,Summer,SummerFall,70.7636832,12.3698,26.33333333,26.5
16_Jul,2016,July,SF16,Summer,SummerFall,12.74822336,7.6962,28.38888889,29.9
16_Aug,2016,August,SF16,Summer,SummerFall,4.96110336,6.1976,27.88888889,29.5
16_Sep,2016,September,SF16,Fall,SummerFall,19.1563152,7.5946,24.83333333,25.9
16_Oct,2016,October,SF16,Fall,SummerFall,34.8862976,4.0132,18.88888889,18.4
16_Nov,2016,November,SF16,Fall,SummerFall,6.86965568,0.4572,13.16666667,12.9
17_Dec,2017,December,WS17,Winter,WinterSpring,46.8076704,16.3322,10.11111111,12.8
17_Jan,2017,January,WS17,Winter,WinterSpring,123.0931296,25.273,11.33333333,14.4
17_Feb,2017,February,WS17,Winter,WinterSpring,103.7527552,3.9878,12.77777778,15.2
17_Mar,2017,March,WS17,Spring,WinterSpring,45.9581664,3.2512,13.33333333,15.9
17_Apr,2017,April,WS17,Spring,WinterSpring,31.3183808,6.1214,19.38888889,21.3
17_May,2017,May,WS17,Spring,WinterSpring,18.94960256,11.8618,21.88888889,21.5
17_Jun,2017,June,SF17,Summer,SummerFall,22.11258912,20.9042,24.77777778,26.5
17_Jul,2017,July,SF17,Summer,SummerFall,20.0907696,8.8138,26.83333333,26.7
17_Aug,2017,August,SF17,Summer,SummerFall,26.92361344,8.255,25.94444444,28.1
17_Sep,2017,September,SF17,Fall,SummerFall,36.5569888,11.303,23.38888889,20.4
17_Oct,2017,October,SF17,Fall,SummerFall,9.84575136,1.9812,19.11111111,26.2
17_Nov,2017,November,SF17,Fall,SummerFall,10.64428512,2.1082,12.5,13.2
18_Dec,2018,December,WS18,Winter,WinterSpring,29.7043232,10.668,9.277777778,7.6
18_Jan,2018,January,WS18,Winter,WinterSpring,30.1857088,5.4102,5.166666667,5.5
18_Feb,2018,February,WS18,Winter,WinterSpring,56.916768,5.2832,14.66666667,11.2
18_Mar,2018,March,WS18,Spring,WinterSpring,36.8401568,7.9756,11.38888889,16.5
18_Apr,2018,April,WS18,Spring,WinterSpring,38.4258976,8.0264,15.16666667,16.4
18_May,2018,May,WS18,Spring,WinterSpring,41.3991616,25.4762,22.55555556,23.7
18_Jun,2018,June,SF18,Summer,SummerFall,84.1575296,6.9596,26.22222222,24.6
18_Jul,2018,July,SF18,Summer,SummerFall,36.1888704,9.8044,26.66666667,25.7
18_Aug,2018,August,SF18,Summer,SummerFall,60.5130016,6.5024,26.11111111,26.1
18_Sep,2018,September,SF18,Fall,SummerFall,6.6402896,6.731,26.33333333,27.6
18_Oct,2018,October,SF18,Fall,SummerFall,11.60139296,13.3096,19.27777778,18
18_Nov,2018,November,SF18,Fall,SummerFall,38.8789664,20.0152,10.77777778,14.9